Gender,Age,Debt,Married,BankCustomer,Industry,InvestmentScore,BankRecord,Ethnicity,YearsEmployed,PriorDefault,Employed,CreditScore,DriversLicense,Citizen,ZipCode,Income,Approved
1,30.83,0.0,1,1,Industrials,3.65,1,White,1.25,1,1,1,0,ByBirth,202,0,1
0,58.67,4.46,1,1,Materials,1.94,1,Black,3.04,1,1,6,0,ByBirth,43,560,1
0,24.5,0.5,1,1,Materials,8.15,1,Black,1.5,1,0,0,0,ByBirth,280,824,1
1,27.83,1.54,1,1,Industrials,7.99,1,White,3.75,1,1,5,1,ByBirth,100,3,1
1,20.17,5.625,1,1,Industrials,2.37,1,White,1.71,1,0,0,0,ByOtherMeans,120,0,1
1,32.08,4.0,1,1,CommunicationServices,2.87,1,White,2.5,1,0,0,1,ByBirth,360,0,1
1,33.17,1.04,1,1,Transport,1.67,1,Black,6.5,1,0,0,1,ByBirth,164,31285,1
0,22.92,11.585,1,1,InformationTechnology,7.68,1,White,0.04,1,0,0,0,ByBirth,80,1349,1
1,54.42,0.5,0,0,Financials,5.28,0,Black,3.96,1,0,0,0,ByBirth,180,314,1
1,42.5,4.915,0,0,Industrials,5.43,0,White,3.165,1,0,0,1,ByBirth,52,1442,1
1,22.08,0.83,1,1,Energy,3.81,1,Black,2.165,0,0,0,1,ByBirth,128,0,1
1,29.92,1.835,1,1,Energy,9.06,1,Black,4.335,1,0,0,0,ByBirth,260,200,1
0,38.25,6.0,1,1,Financials,4.32,1,White,1.0,1,0,0,1,ByBirth,0,0,1
1,48.08,6.04,1,1,Financials,3.65,1,White,0.04,0,0,0,0,ByBirth,0,2690,1
0,45.83,10.5,1,1,Materials,4.34,1,White,5.0,1,1,7,1,ByBirth,0,0,1
1,36.67,4.415,0,0,Financials,4.61,0,White,0.25,1,1,10,1,ByBirth,320,0,1
1,28.25,0.875,1,1,CommunicationServices,9.53,1,White,0.96,1,1,3,1,ByBirth,396,0,1
0,23.25,5.875,1,1,Materials,2.75,1,White,3.17,1,1,10,0,ByBirth,120,245,1
1,21.83,0.25,1,1,Real Estate,0.53,1,Black,0.665,1,0,0,1,ByBirth,0,0,1
0,19.17,8.585,1,1,InformationTechnology,2.39,1,Black,0.75,1,1,7,0,ByBirth,96,0,1
1,25.0,11.25,1,1,Energy,0.84,1,White,2.5,1,1,17,0,ByBirth,200,1208,1
1,23.25,1.0,1,1,Energy,5.39,1,White,0.835,1,0,0,0,ByOtherMeans,300,0,1
0,47.75,8.0,1,1,Energy,8.89,1,White,7.875,1,1,6,1,ByBirth,0,1260,1
0,27.42,14.5,1,1,Utilities,3.63,1,Black,3.085,1,1,1,0,ByBirth,120,11,1
0,41.17,6.5,1,1,Materials,4.35,1,White,0.5,1,1,3,1,ByBirth,145,0,1
0,15.83,0.585,1,1,Energy,7.42,1,Black,1.5,1,1,2,0,ByBirth,100,0,1
0,47.0,13.0,1,1,ConsumerDiscretionary,1.15,1,Asian,5.165,1,1,9,1,ByBirth,0,0,1
1,56.58,18.5,1,1,Real Estate,2.27,1,Asian,15.0,1,1,17,1,ByBirth,0,0,1
1,57.42,8.5,1,1,Education,9.97,1,Black,7.0,1,1,3,0,ByBirth,0,0,1
1,42.08,1.04,1,1,Industrials,2.48,1,White,5.0,1,1,6,1,ByBirth,500,10000,1
1,29.25,14.79,1,1,ConsumerStaples,6.3,1,White,5.04,1,1,5,1,ByBirth,168,0,1
1,42.0,9.79,1,1,Utilities,2.49,1,Black,7.96,1,1,8,0,ByBirth,0,0,1
1,49.5,7.585,1,1,ConsumerDiscretionary,7.23,1,Asian,7.585,1,1,15,1,ByBirth,0,5000,1
0,36.75,5.125,1,1,Education,9.36,1,White,5.0,1,0,0,1,ByBirth,0,4000,1
0,22.58,10.75,1,1,Materials,5.58,1,White,0.415,1,1,5,1,ByBirth,0,560,1
1,27.83,1.5,1,1,Industrials,0.32,1,White,2.0,1,1,11,1,ByBirth,434,35,1
1,27.25,1.585,1,1,InformationTechnology,8.28,1,Black,1.835,1,1,12,1,ByBirth,583,713,1
0,23.0,11.75,1,1,Utilities,4.55,1,Black,0.5,1,1,2,1,ByBirth,300,551,1
1,27.75,0.585,0,0,InformationTechnology,0.79,0,White,0.25,1,1,2,0,ByBirth,260,500,1
1,54.58,9.415,1,1,Healthcare,5.24,1,Latino,14.415,1,1,11,1,ByBirth,30,300,1
1,34.17,9.17,1,1,Energy,3.69,1,White,4.5,1,1,12,1,ByBirth,0,221,1
1,28.92,15.0,1,1,Energy,9.96,1,Black,5.335,1,1,11,0,ByBirth,0,2283,1
1,29.67,1.415,1,1,Industrials,6.29,1,Black,0.75,1,1,1,0,ByBirth,240,100,1
1,39.58,13.915,1,1,Industrials,4.15,1,White,8.625,1,1,6,1,ByBirth,70,0,1
1,56.42,28.0,0,0,Energy,4.1,0,White,28.5,1,1,40,0,ByBirth,0,15,1
1,54.33,6.75,1,1,Energy,6.04,1,Black,2.625,1,1,11,1,ByBirth,0,284,1
0,41.0,2.04,0,0,Materials,8.77,0,Black,0.125,1,1,23,1,ByBirth,455,1236,1
1,31.92,4.46,1,1,InformationTechnology,0.56,1,Black,6.04,1,1,3,0,ByBirth,311,300,1
1,41.5,1.54,1,1,ConsumerDiscretionary,4.09,1,Asian,3.5,0,0,0,0,ByBirth,216,0,1
1,23.92,0.665,1,1,Energy,5.3,1,White,0.165,0,0,0,0,ByBirth,100,0,1
0,25.75,0.5,1,1,Energy,2.75,1,Black,0.875,1,0,0,1,ByBirth,491,0,1
1,26.0,1.0,1,1,Materials,6.84,1,White,1.75,1,0,0,1,ByBirth,280,0,1
1,37.42,2.04,1,1,Industrials,1.41,1,White,0.04,1,0,0,1,ByBirth,400,5800,1
1,34.92,2.5,1,1,Industrials,5.76,1,White,0.0,1,0,0,1,ByBirth,239,200,1
1,34.25,3.0,1,1,InformationTechnology,1.8,1,Black,7.415,1,0,0,1,ByBirth,0,0,1
1,23.33,11.625,0,0,Industrials,9.98,0,White,0.835,1,0,0,1,ByBirth,160,300,1
1,23.17,0.0,1,1,InformationTechnology,1.09,1,White,0.085,1,0,0,0,ByBirth,0,0,1
1,44.33,0.5,1,1,ConsumerDiscretionary,7.0,1,Black,5.0,1,0,0,1,ByBirth,320,0,1
1,35.17,4.5,1,1,Utilities,0.46,1,Black,5.75,0,0,0,1,ByOtherMeans,711,0,1
1,43.25,3.0,1,1,Materials,3.87,1,Black,6.0,1,1,11,0,ByBirth,80,0,1
1,56.75,12.25,1,1,CommunicationServices,8.02,1,White,1.25,1,1,4,1,ByBirth,200,0,1
1,31.67,16.165,1,1,Real Estate,0.13,1,White,3.0,1,1,9,0,ByBirth,250,730,1
0,23.42,0.79,0,0,Materials,6.41,0,White,1.5,1,1,2,1,ByBirth,80,400,1
0,20.42,0.835,1,1,Materials,2.44,1,White,1.585,1,1,1,0,ByBirth,0,0,1
1,26.67,4.25,1,1,InformationTechnology,5.22,1,White,4.29,1,1,1,1,ByBirth,120,0,1
1,34.17,1.54,1,1,InformationTechnology,6.69,1,White,1.54,1,1,1,1,ByBirth,520,50000,1
0,36.0,1.0,1,1,Energy,5.6,1,White,2.0,1,1,11,0,ByBirth,0,456,1
1,25.5,0.375,1,1,CommunicationServices,0.76,1,White,0.25,1,1,3,0,ByBirth,260,15108,1
1,19.42,6.5,1,1,Industrials,2.31,1,Black,1.46,1,1,7,0,ByBirth,80,2954,1
1,35.17,25.125,1,1,Utilities,9.82,1,Black,1.625,1,1,1,1,ByBirth,515,500,1
1,32.33,7.5,1,1,Education,8.69,1,Asian,1.585,1,0,0,1,ByOtherMeans,420,0,0
1,34.83,4.0,1,1,Real Estate,4.0,1,Asian,12.5,1,0,0,1,ByBirth,0,0,0
0,38.58,5.0,1,1,InformationTechnology,3.35,1,White,13.5,1,0,0,1,ByBirth,980,0,0
1,44.25,0.5,1,1,CommunicationServices,3.09,1,White,10.75,1,0,0,0,ByOtherMeans,400,0,0
1,44.83,7.0,0,0,Energy,4.12,0,White,1.625,0,0,0,0,ByBirth,160,2,0
1,20.67,5.29,1,1,Materials,6.96,1,White,0.375,1,1,1,0,ByBirth,160,0,0
1,34.08,6.5,1,1,ConsumerStaples,4.75,1,White,0.125,1,0,0,1,ByBirth,443,0,0
0,19.17,0.585,0,0,ConsumerStaples,4.55,0,White,0.585,1,0,0,1,ByBirth,160,0,0
1,21.67,1.165,0,0,Financials,9.96,0,White,2.5,1,1,1,0,ByBirth,180,20,0
1,21.5,9.75,1,1,Energy,5.86,1,White,0.25,1,0,0,0,ByBirth,140,0,0
1,49.58,19.0,1,1,Healthcare,8.05,1,Latino,0.0,1,1,1,0,ByBirth,94,0,0
0,27.67,1.5,1,1,CommunicationServices,3.97,1,White,2.0,1,0,0,0,ByOtherMeans,368,0,0
1,39.83,0.5,1,1,CommunicationServices,2.64,1,White,0.25,1,0,0,0,ByOtherMeans,288,0,0
0,28.46,3.5,1,1,Real Estate,3.25,1,White,3.0,1,0,0,1,ByBirth,300,0,0
1,27.25,0.625,1,1,ConsumerStaples,5.97,1,White,0.455,1,0,0,1,ByBirth,200,0,0
1,37.17,4.0,1,1,Energy,1.19,1,Asian,5.0,1,0,0,1,ByOtherMeans,280,0,0
1,28.46,0.375,1,1,Real Estate,0.11,1,White,0.875,1,0,0,1,ByOtherMeans,928,0,0
1,25.67,2.21,0,0,ConsumerStaples,1.93,0,White,4.0,1,0,0,0,ByBirth,188,0,0
1,34.0,4.5,1,1,ConsumerStaples,4.27,1,White,1.0,1,0,0,1,ByBirth,240,0,0
0,49.0,1.5,1,1,Research,3.84,1,Other,0.0,1,0,0,1,ByBirth,100,27,0
1,62.5,12.75,0,0,Energy,7.73,0,Black,5.0,1,0,0,0,ByBirth,112,0,0
1,31.42,15.5,1,1,Energy,5.83,1,White,0.5,1,0,0,0,ByBirth,120,0,0
1,28.46,5.0,0,0,ConsumerStaples,7.24,0,White,8.5,1,0,0,0,ByBirth,0,0,0
1,52.33,1.375,0,0,Energy,4.92,0,Black,9.46,1,0,0,1,ByBirth,200,100,0
1,28.75,1.5,0,0,Energy,5.64,0,White,1.5,1,0,0,1,ByBirth,0,225,0
0,28.58,3.54,1,1,ConsumerDiscretionary,1.16,1,Asian,0.5,1,0,0,1,ByBirth,171,0,0
1,23.0,0.625,0,0,ConsumerStaples,3.04,0,White,0.125,1,0,0,0,ByBirth,180,1,0
1,28.46,0.5,1,1,Energy,7.13,1,Asian,0.835,1,0,0,1,ByOtherMeans,320,0,0
0,22.5,11.0,0,0,Materials,1.24,0,White,3.0,1,0,0,1,ByBirth,268,0,0
0,28.5,1.0,1,1,Materials,8.98,1,White,1.0,1,1,2,1,ByBirth,167,500,0
1,37.5,1.75,0,0,Energy,1.3,0,Asian,0.25,1,0,0,1,ByBirth,164,400,0
1,35.25,16.5,0,0,Energy,3.27,0,White,4.0,1,0,0,0,ByBirth,80,0,0
1,18.67,5.0,1,1,Materials,6.2,1,White,0.375,1,1,2,0,ByBirth,0,38,0
1,25.0,12.0,1,1,Financials,5.24,1,White,2.25,1,1,2,1,ByBirth,120,5,0
1,27.83,4.0,0,0,ConsumerDiscretionary,9.55,0,Black,5.75,1,1,2,1,ByBirth,75,0,0
1,54.83,15.5,1,1,Education,1.7,1,Other,0.0,1,1,20,0,ByBirth,152,130,0
1,28.75,1.165,1,1,Financials,5.74,1,White,0.5,1,0,0,0,ByOtherMeans,280,0,0
0,25.0,11.0,0,0,ConsumerStaples,1.99,0,White,4.5,1,0,0,0,ByBirth,120,0,0
1,40.92,2.25,0,0,Utilities,3.77,0,Black,10.0,1,0,0,1,ByBirth,176,0,0
0,19.75,0.75,1,1,Energy,1.61,1,White,0.795,1,1,5,1,ByBirth,140,5,0
1,29.17,3.5,1,1,Industrials,6.17,1,White,3.5,1,1,3,1,ByBirth,329,0,0
0,24.5,1.04,0,0,Healthcare,9.87,0,Latino,0.5,1,1,3,0,ByBirth,180,147,0
1,24.58,12.5,1,1,Industrials,6.15,1,White,0.875,1,0,0,1,ByBirth,260,0,0
0,33.75,0.75,1,1,Financials,4.29,1,Asian,1.0,1,1,3,1,ByBirth,212,0,0
1,20.67,1.25,0,0,Energy,7.28,0,Black,1.375,1,1,3,1,ByBirth,140,210,0
0,25.42,1.125,1,1,Materials,7.76,1,White,1.29,1,1,2,0,ByBirth,200,0,0
1,37.75,7.0,1,1,Materials,7.49,1,Black,11.5,1,1,7,1,ByBirth,300,5,0
1,52.5,6.5,1,1,Financials,9.49,1,White,6.29,1,1,15,0,ByBirth,0,11202,1
1,57.83,7.04,1,1,CommunicationServices,3.99,1,White,14.0,1,1,6,1,ByBirth,360,1332,1
0,20.75,10.335,1,1,InformationTechnology,4.28,1,Black,0.335,1,1,1,1,ByBirth,80,50,1
1,39.92,6.21,1,1,Materials,0.34,1,White,0.04,1,1,1,0,ByBirth,200,300,1
1,25.67,12.5,1,1,InformationTechnology,9.42,1,White,1.21,1,1,67,1,ByBirth,140,258,1
0,24.75,12.5,1,1,ConsumerStaples,3.47,1,White,1.5,1,1,12,1,ByBirth,120,567,1
0,44.17,6.665,1,1,Materials,1.65,1,White,7.375,1,1,3,1,ByBirth,0,0,1
0,23.5,9.0,1,1,Materials,5.34,1,White,8.5,1,1,5,1,ByBirth,120,0,1
1,34.92,5.0,1,1,Utilities,3.2,1,Black,7.5,1,1,6,1,ByBirth,0,1000,1
1,47.67,2.5,1,1,CommunicationServices,3.6,1,Asian,2.5,1,1,12,1,ByBirth,410,2510,1
1,22.75,11.0,1,1,Materials,6.57,1,White,2.5,1,1,7,1,ByBirth,100,809,1
1,34.42,4.25,1,1,ConsumerDiscretionary,3.53,1,Asian,3.25,1,1,2,0,ByBirth,274,610,1
0,28.42,3.5,1,1,Industrials,7.17,1,White,0.835,1,0,0,0,ByOtherMeans,280,0,1
1,67.75,5.5,1,1,Education,5.29,1,Other,13.0,1,1,1,1,ByBirth,0,0,1
1,20.42,1.835,1,1,Energy,2.76,1,White,2.25,1,1,1,0,ByBirth,100,150,1
0,47.42,8.0,1,1,Education,4.63,1,Asian,6.5,1,1,6,0,ByBirth,375,51100,1
1,36.25,5.0,1,1,Energy,2.35,1,Asian,2.5,1,1,6,0,ByBirth,0,367,1
1,32.67,5.5,1,1,Materials,8.5,1,Black,5.5,1,1,12,1,ByBirth,408,1000,1
1,48.58,6.5,1,1,Materials,1.16,1,Black,6.0,1,0,0,1,ByBirth,350,0,1
1,39.92,0.54,0,0,ConsumerStaples,7.95,0,White,0.5,1,1,3,0,ByBirth,200,1000,1
1,33.58,2.75,1,1,CommunicationServices,2.64,1,White,4.25,1,1,6,0,ByBirth,204,0,1
0,18.83,9.5,1,1,Industrials,2.52,1,White,1.625,1,1,6,1,ByBirth,40,600,1
0,26.92,13.5,1,1,Materials,2.42,1,Black,5.0,1,1,2,0,ByBirth,0,5000,1
0,31.25,3.75,1,1,InformationTechnology,6.38,1,Black,0.625,1,1,9,1,ByBirth,181,0,1
0,56.5,16.0,1,1,Research,0.96,1,Latino,0.0,1,1,15,0,ByBirth,0,247,1
1,43.0,0.29,0,0,InformationTechnology,0.7,0,Black,1.75,1,1,8,0,ByBirth,100,375,1
1,22.33,11.0,1,1,Industrials,6.25,1,White,2.0,1,1,1,0,ByBirth,80,278,1
1,27.25,1.665,1,1,InformationTechnology,8.71,1,Black,5.085,1,1,9,0,ByBirth,399,827,1
1,32.83,2.5,1,1,InformationTechnology,8.56,1,Black,2.75,1,1,6,0,ByBirth,160,2072,1
1,23.25,1.5,1,1,Materials,7.31,1,White,2.375,1,1,3,1,ByBirth,0,582,1
0,40.33,7.54,0,0,Materials,9.87,0,Black,8.0,1,1,14,0,ByBirth,0,2300,1
0,30.5,6.5,1,1,Energy,7.34,1,Asian,4.0,1,1,7,1,ByBirth,0,3065,1
0,52.83,15.0,1,1,Energy,5.34,1,White,5.5,1,1,14,0,ByBirth,0,2200,1
0,46.67,0.46,1,1,InformationTechnology,2.29,1,Black,0.415,1,1,11,1,ByBirth,440,6,1
0,58.33,10.0,1,1,Materials,9.22,1,White,4.0,1,1,14,0,ByBirth,0,1602,1
1,37.33,6.5,1,1,CommunicationServices,4.86,1,Black,4.25,1,1,12,1,ByBirth,93,0,1
1,23.08,2.5,1,1,Energy,6.6,1,White,1.085,1,1,11,1,ByBirth,60,2184,1
1,32.75,1.5,1,1,InformationTechnology,8.31,1,Black,5.5,1,1,3,1,ByBirth,0,0,1
0,21.67,11.5,0,0,Research,4.55,0,Other,0.0,1,1,11,1,ByBirth,0,0,1
0,28.5,3.04,0,0,Utilities,2.83,0,Black,2.54,1,1,1,0,ByBirth,70,0,1
0,68.67,15.0,1,1,Education,2.37,1,Other,0.0,1,1,14,0,ByBirth,0,3376,1
1,28.0,2.0,1,1,Financials,8.74,1,Black,4.165,1,1,2,1,ByBirth,181,0,1
1,34.08,0.08,0,0,CommunicationServices,8.0,0,Asian,0.04,1,1,1,1,ByBirth,280,2000,1
1,27.67,2.0,1,1,Utilities,1.05,1,Black,1.0,1,1,4,0,ByBirth,140,7544,1
1,44.0,2.0,1,1,CommunicationServices,2.9,1,White,1.75,1,1,2,1,ByBirth,0,15,1
1,25.08,1.71,1,1,Utilities,7.45,1,White,1.665,1,1,1,1,ByBirth,395,20,1
1,32.0,1.75,0,0,Education,2.39,0,Black,0.04,1,0,0,1,ByBirth,393,0,1
0,60.58,16.5,1,1,Materials,5.51,1,White,11.0,1,0,0,1,ByBirth,21,10561,1
0,40.83,10.0,1,1,Materials,8.63,1,Black,1.75,1,0,0,0,ByBirth,29,837,1
1,19.33,9.5,1,1,Materials,6.37,1,White,1.0,1,0,0,1,ByBirth,60,400,1
0,32.33,0.54,1,1,InformationTechnology,2.08,1,White,0.04,1,0,0,0,ByBirth,440,11177,1
1,36.67,3.25,1,1,Materials,1.51,1,Black,9.0,1,0,0,1,ByBirth,102,639,1
1,37.5,1.125,0,0,Real Estate,7.86,0,White,1.5,0,0,0,1,ByBirth,431,0,1
0,25.08,2.54,0,0,ConsumerStaples,2.86,0,White,0.25,1,0,0,1,ByBirth,370,0,1
1,41.33,0.0,1,1,Energy,5.18,1,Asian,15.0,1,0,0,0,ByBirth,0,0,1
1,56.0,12.5,1,1,Financials,8.03,1,Black,8.0,1,0,0,1,ByBirth,24,2028,1
0,49.83,13.585,1,1,Financials,5.56,1,Black,8.5,1,0,0,1,ByBirth,0,0,1
1,22.67,10.5,1,1,Materials,7.76,1,Black,1.335,1,0,0,0,ByBirth,100,0,1
1,27.0,1.5,0,0,Industrials,2.53,0,White,0.375,1,0,0,1,ByBirth,260,1065,1
1,25.0,12.5,1,1,ConsumerStaples,8.53,1,White,3.0,1,0,0,1,ByOtherMeans,20,0,1
0,26.08,8.665,1,1,ConsumerStaples,9.53,1,White,1.415,1,0,0,0,ByBirth,160,150,1
0,18.42,9.25,1,1,Materials,8.34,1,White,1.21,1,1,4,0,ByBirth,60,540,1
1,20.17,8.17,1,1,ConsumerStaples,2.21,1,White,1.96,1,1,14,0,ByBirth,60,158,1
1,47.67,0.29,1,1,Energy,4.26,1,Asian,15.0,1,1,20,0,ByBirth,0,15000,1
0,21.25,2.335,1,1,ConsumerDiscretionary,4.56,1,Asian,0.5,1,1,4,0,ByOtherMeans,80,0,1
0,20.67,3.0,1,1,Materials,0.7,1,White,0.165,1,1,3,0,ByBirth,100,6,1
0,57.08,19.5,1,1,Energy,7.12,1,White,5.5,1,1,7,0,ByBirth,0,3000,1
0,22.42,5.665,1,1,Materials,1.89,1,White,2.585,1,1,7,0,ByBirth,129,3257,1
1,48.75,8.5,1,1,Energy,6.83,1,Black,12.5,1,1,9,0,ByBirth,181,1655,1
1,40.0,6.5,1,1,ConsumerStaples,4.7,1,Asian,3.5,1,1,1,0,ByBirth,0,500,1
1,40.58,5.0,1,1,Energy,8.39,1,White,5.0,1,1,7,0,ByBirth,0,3065,1
0,28.67,1.04,1,1,Energy,7.12,1,White,2.5,1,1,5,1,ByBirth,300,1430,1
0,33.08,4.625,1,1,Materials,5.07,1,Black,1.625,1,1,2,0,ByBirth,0,0,1
1,21.33,10.5,1,1,Energy,6.35,1,White,3.0,1,0,0,1,ByBirth,0,0,1
1,42.0,0.205,1,1,ConsumerDiscretionary,2.58,1,Black,5.125,1,0,0,0,ByBirth,400,0,1
1,41.75,0.96,1,1,Utilities,0.44,1,White,2.5,1,0,0,0,ByBirth,510,600,1
1,22.67,1.585,0,0,Industrials,3.31,0,White,3.085,1,1,6,0,ByBirth,80,0,1
1,34.5,4.04,0,0,ConsumerDiscretionary,4.21,0,Asian,8.5,1,1,7,1,ByBirth,195,0,1
1,28.25,5.04,0,0,Energy,1.29,0,Asian,1.5,1,1,8,1,ByBirth,144,7,1
1,33.17,3.165,0,0,Utilities,2.44,0,White,3.165,1,1,3,1,ByBirth,380,0,1
1,48.17,7.625,1,1,Industrials,4.6,1,Black,15.5,1,1,12,0,ByBirth,0,790,1
1,27.58,2.04,0,0,ConsumerStaples,7.52,0,White,2.0,1,1,3,1,ByBirth,370,560,1
1,22.58,10.04,1,1,Utilities,2.71,1,White,0.04,1,1,9,0,ByBirth,60,396,1
0,24.08,0.5,1,1,Materials,8.85,1,Black,1.25,1,1,1,0,ByBirth,0,678,1
0,41.33,1.0,1,1,ConsumerDiscretionary,0.05,1,Asian,2.25,1,0,0,1,ByBirth,0,300,1
1,24.83,2.75,1,1,Energy,4.28,1,White,2.25,1,1,6,0,ByBirth,0,600,1
0,20.75,10.25,1,1,Materials,9.82,1,White,0.71,1,1,2,1,ByBirth,49,0,1
1,36.33,2.125,0,0,Industrials,0.23,0,White,0.085,1,1,1,0,ByBirth,50,1187,1
0,35.42,12.0,1,1,Materials,1.79,1,Black,14.0,1,1,8,0,ByBirth,0,6590,1
0,71.58,0.0,1,1,Energy,1.07,1,White,0.0,0,0,0,0,Temporary,0,0,1
1,28.67,9.335,1,1,Materials,6.62,1,Black,5.665,1,1,6,0,ByBirth,381,168,1
1,35.17,2.5,1,1,Financials,5.21,1,White,4.5,1,1,7,0,ByBirth,150,1270,1
1,39.5,4.25,1,1,Energy,3.19,1,Asian,6.5,1,1,16,0,ByBirth,117,1210,1
1,39.33,5.875,1,1,InformationTechnology,0.28,1,Black,10.0,1,1,14,1,ByBirth,399,0,1
1,24.33,6.625,0,0,Real Estate,2.76,0,White,5.5,1,0,0,1,ByOtherMeans,100,0,1
1,60.08,14.5,1,1,Healthcare,8.31,1,Latino,18.0,1,1,15,1,ByBirth,0,1000,1
1,23.08,11.5,1,1,ConsumerDiscretionary,0.96,1,White,3.5,1,1,9,0,ByBirth,56,742,1
1,26.67,2.71,0,0,InformationTechnology,7.53,0,White,5.25,1,1,1,0,ByBirth,211,0,1
1,48.17,3.5,1,1,ConsumerStaples,8.79,1,White,3.5,1,0,0,0,ByOtherMeans,230,0,1
1,41.17,4.04,1,1,InformationTechnology,6.82,1,Black,7.0,1,1,8,0,ByBirth,320,0,1
1,55.92,11.5,1,1,Healthcare,0.17,1,Latino,5.0,1,1,5,0,ByBirth,0,8851,1
1,53.92,9.625,1,1,Education,2.85,1,White,8.665,1,1,5,0,ByBirth,0,0,1
0,18.92,9.25,0,0,Energy,9.54,0,White,1.0,1,1,4,1,ByBirth,80,500,1
0,50.08,12.54,1,1,ConsumerStaples,4.56,1,White,2.29,1,1,3,1,ByBirth,156,0,1
1,65.42,11.0,1,1,Education,2.28,1,Other,20.0,1,1,7,1,ByBirth,22,0,1
0,17.58,9.0,1,1,ConsumerStaples,6.66,1,White,1.375,1,0,0,1,ByBirth,0,0,1
0,18.83,9.54,1,1,ConsumerStaples,2.39,1,White,0.085,1,0,0,0,ByBirth,100,0,1
0,37.75,5.5,1,1,Materials,5.15,1,White,0.125,1,0,0,1,ByBirth,228,0,1
1,23.25,4.0,1,1,Energy,4.46,1,Asian,0.25,1,0,0,1,ByBirth,160,0,1
1,18.08,5.5,1,1,Financials,8.73,1,White,0.5,1,0,0,0,ByBirth,80,0,1
0,22.5,8.46,0,0,Utilities,2.47,0,White,2.46,0,0,0,0,ByBirth,164,0,1
1,19.67,0.375,1,1,Materials,9.88,1,White,2.0,1,1,2,1,ByBirth,80,0,1
1,22.08,11.0,1,1,InformationTechnology,4.75,1,White,0.665,1,0,0,0,ByBirth,100,0,1
1,25.17,3.5,1,1,InformationTechnology,5.02,1,White,0.625,1,1,7,0,ByBirth,0,7059,1
0,47.42,3.0,1,1,Utilities,6.34,1,White,13.875,1,1,2,1,ByBirth,519,1704,1
1,33.5,1.75,1,1,Utilities,1.82,1,Black,4.5,1,1,4,1,ByBirth,253,857,1
1,27.67,13.75,1,1,Industrials,4.17,1,White,5.75,1,0,0,1,ByBirth,487,500,1
0,58.42,21.0,1,1,ConsumerDiscretionary,5.54,1,Asian,10.0,1,1,13,0,ByBirth,0,6700,1
0,20.67,1.835,1,1,Materials,0.22,1,White,2.085,1,1,5,0,ByBirth,220,2503,1
1,26.17,0.25,1,1,ConsumerDiscretionary,9.81,1,Asian,0.0,1,0,0,1,ByBirth,0,0,1
1,21.33,7.5,1,1,ConsumerStaples,5.27,1,White,1.415,1,1,1,0,ByBirth,80,9800,1
1,42.83,4.625,1,1,Materials,4.32,1,White,4.58,1,0,0,0,ByOtherMeans,0,0,1
1,38.17,10.125,1,1,Utilities,8.95,1,White,2.5,1,1,6,0,ByBirth,520,196,1
1,20.5,10.0,0,0,Energy,4.36,0,White,2.5,1,0,0,0,ByOtherMeans,40,0,1
1,48.25,25.085,1,1,Industrials,0.26,1,White,1.75,1,1,3,0,ByBirth,120,14,1
1,28.33,5.0,1,1,Industrials,4.25,1,White,11.0,1,0,0,1,ByBirth,70,0,1
0,18.75,7.5,1,1,Materials,8.23,1,White,2.71,1,1,5,0,ByBirth,0,26726,1
1,18.5,2.0,1,1,ConsumerDiscretionary,3.14,1,White,1.5,1,1,2,0,ByBirth,120,300,1
1,33.17,3.04,0,0,Energy,2.7,0,Black,2.04,1,1,1,1,ByBirth,180,18027,1
1,45.0,8.5,1,1,InformationTechnology,2.04,1,Black,14.0,1,1,1,1,ByBirth,88,2000,1
0,19.67,0.21,1,1,Materials,1.87,1,Black,0.29,1,1,11,0,ByBirth,80,99,1
1,24.5,12.75,1,1,Energy,1.71,1,Asian,4.75,1,1,2,0,ByBirth,73,444,1
1,21.83,11.0,1,1,Utilities,4.14,1,White,0.29,1,1,6,0,ByBirth,121,0,1
1,40.25,21.5,1,1,Education,0.24,1,Other,20.0,1,1,11,0,ByBirth,0,1200,1
1,41.42,5.0,1,1,Materials,4.7,1,Black,5.0,1,1,6,1,ByBirth,470,0,1
0,17.83,11.0,1,1,Utilities,4.64,1,Black,1.0,1,1,11,0,ByBirth,0,3000,1
1,23.17,11.125,1,1,Utilities,6.35,1,Black,0.46,1,1,1,0,ByBirth,100,0,1
1,28.46,0.625,1,1,Financials,0.71,1,White,0.25,0,0,0,0,ByBirth,380,2010,0
1,18.17,10.25,1,1,Energy,9.7,1,Black,1.085,0,0,0,0,ByBirth,320,13,0
1,20.0,11.045,1,1,Energy,8.29,1,White,2.0,0,0,0,1,ByBirth,136,0,0
1,20.0,0.0,1,1,Real Estate,1.74,1,White,0.5,0,0,0,0,ByBirth,144,0,0
0,20.75,9.54,1,1,ConsumerDiscretionary,2.13,1,White,0.04,0,0,0,0,ByBirth,200,1000,0
0,24.5,1.75,0,0,Energy,4.35,0,White,0.165,0,0,0,0,ByBirth,132,0,0
1,32.75,2.335,1,1,Real Estate,3.8,1,Black,5.75,0,0,0,1,ByBirth,292,0,0
0,52.17,0.0,0,0,Healthcare,6.68,0,Latino,0.0,0,0,0,0,ByBirth,0,0,0
0,48.17,1.335,1,1,ConsumerDiscretionary,9.58,1,Other,0.335,0,0,0,0,ByBirth,0,120,0
0,20.42,10.5,0,0,Utilities,7.81,0,Black,0.0,0,0,0,1,ByBirth,154,32,0
1,50.75,0.585,1,1,Healthcare,2.28,1,Latino,0.0,0,0,0,0,ByBirth,145,0,0
1,17.08,0.085,0,0,Energy,6.9,0,White,0.04,0,0,0,0,ByBirth,140,722,0
1,18.33,1.21,0,0,Education,0.26,0,Other,0.0,0,0,0,0,ByBirth,100,0,0
0,32.0,6.0,1,1,Real Estate,7.79,1,White,1.25,0,0,0,0,ByBirth,272,0,0
1,59.67,1.54,1,1,Materials,7.75,1,White,0.125,1,0,0,1,ByBirth,260,0,1
1,18.0,0.165,1,1,Materials,3.88,1,Other,0.21,0,0,0,0,ByBirth,200,40,1
1,37.58,0.0,1,1,Energy,1.76,1,White,0.0,0,0,0,0,Temporary,0,0,1
1,32.33,2.5,1,1,Energy,6.06,1,White,1.25,0,0,0,1,ByBirth,280,0,0
1,18.08,6.75,0,0,CommunicationServices,7.03,0,White,0.04,0,0,0,0,ByBirth,140,0,0
1,38.25,10.125,0,0,Financials,4.85,0,White,0.125,0,0,0,0,ByBirth,160,0,0
1,30.67,2.5,1,1,InformationTechnology,3.69,1,Black,2.25,0,0,0,1,ByOtherMeans,340,0,0
1,18.58,5.71,1,1,Real Estate,4.2,1,White,0.54,0,0,0,0,ByBirth,120,0,0
0,19.17,5.415,1,1,ConsumerDiscretionary,8.82,1,Black,0.29,0,0,0,0,ByBirth,80,484,0
0,18.17,10.0,0,0,Materials,4.19,0,Black,0.165,0,0,0,0,ByBirth,340,0,0
1,24.58,13.5,0,0,Healthcare,7.21,0,Latino,0.0,0,0,0,0,ByBirth,0,0,0
1,16.25,0.835,1,1,CommunicationServices,2.48,1,White,0.085,1,0,0,0,ByOtherMeans,200,0,0
1,21.17,0.875,0,0,Energy,7.9,0,Black,0.25,0,0,0,0,ByBirth,280,204,0
1,23.92,0.585,0,0,InformationTechnology,6.55,0,Black,0.125,0,0,0,0,ByBirth,240,1,0
1,17.67,4.46,1,1,Energy,7.27,1,White,0.25,0,0,0,0,ByOtherMeans,80,0,0
0,16.5,1.25,1,1,Materials,5.83,1,White,0.25,0,1,1,0,ByBirth,108,98,0
1,23.25,12.625,1,1,Energy,3.19,1,White,0.125,0,1,2,0,ByBirth,0,5552,0
1,17.58,10.0,1,1,Industrials,0.71,1,Black,0.165,0,1,1,0,ByBirth,120,1,0
0,28.46,1.5,1,1,Healthcare,4.89,1,Latino,0.0,0,1,2,1,ByBirth,200,105,0
1,29.5,0.58,1,1,Industrials,6.04,1,White,0.29,0,1,1,0,ByBirth,340,2803,0
1,18.83,0.415,0,0,Energy,1.09,0,White,0.165,0,1,1,0,ByBirth,200,1,0
0,21.75,1.75,0,0,Research,6.94,0,Other,0.0,0,0,0,0,ByBirth,160,0,0
1,23.0,0.75,1,1,CommunicationServices,5.69,1,White,0.5,0,0,0,1,ByOtherMeans,320,0,0
0,18.25,10.0,1,1,Industrials,4.0,1,White,1.0,0,1,1,0,ByBirth,120,1,0
1,25.42,0.54,1,1,Industrials,9.16,1,White,0.165,0,1,1,0,ByBirth,272,444,0
1,35.75,2.415,1,1,Industrials,5.54,1,White,0.125,0,1,2,0,ByBirth,220,1,0
0,16.08,0.335,1,1,Healthcare,6.03,1,Latino,0.0,0,1,1,0,ByBirth,160,126,0
0,31.92,3.125,1,1,Healthcare,5.76,1,Latino,3.04,0,1,2,1,ByBirth,200,4,0
1,69.17,9.0,1,1,Healthcare,1.72,1,Latino,4.0,0,1,1,0,ByBirth,70,6,0
1,32.92,2.5,1,1,ConsumerStaples,9.45,1,White,1.75,0,1,2,1,ByBirth,720,0,0
1,16.33,2.75,1,1,ConsumerStaples,8.8,1,White,0.665,0,1,1,0,ByBirth,80,21,0
1,22.17,12.125,1,1,Energy,6.2,1,White,3.335,0,1,2,1,ByBirth,180,173,0
0,57.58,2.0,1,1,Healthcare,0.58,1,Latino,6.5,0,1,1,0,ByBirth,0,10,0
1,18.25,0.165,1,1,Real Estate,3.24,1,White,0.25,0,0,0,1,ByOtherMeans,280,0,0
1,23.42,1.0,1,1,Energy,7.92,1,White,0.5,0,0,0,1,ByOtherMeans,280,0,0
0,15.92,2.875,1,1,Materials,9.84,1,White,0.085,0,0,0,0,ByBirth,120,0,0
0,24.75,13.665,1,1,Materials,8.81,1,Black,1.5,0,0,0,0,ByBirth,280,1,0
1,48.75,26.335,0,0,Healthcare,8.33,0,Latino,0.0,1,0,0,1,ByBirth,0,0,0
1,23.5,2.75,1,1,Healthcare,7.85,1,Latino,4.5,0,0,0,0,ByBirth,160,25,0
1,18.58,10.29,1,1,Healthcare,7.96,1,Latino,0.415,0,0,0,0,ByBirth,80,0,0
1,27.75,1.29,1,1,Financials,3.41,1,Black,0.25,0,0,0,1,ByOtherMeans,140,0,0
0,31.75,3.0,0,0,Research,3.18,0,Other,0.0,0,0,0,0,ByBirth,160,20,0
0,24.83,4.5,1,1,Industrials,9.98,1,White,1.0,0,0,0,1,ByBirth,360,6,0
1,19.0,1.75,0,0,Energy,9.39,0,White,2.335,0,0,0,1,ByBirth,112,6,0
0,16.33,0.21,1,1,ConsumerStaples,1.88,1,White,0.125,0,0,0,0,ByBirth,200,1,0
0,18.58,10.0,1,1,Real Estate,5.68,1,White,0.415,0,0,0,0,ByBirth,80,42,0
1,16.25,0.0,0,0,ConsumerStaples,6.38,0,White,0.25,0,0,0,0,ByBirth,60,0,0
1,23.0,0.75,1,1,CommunicationServices,0.97,1,White,0.5,1,0,0,1,ByOtherMeans,320,0,0
1,21.17,0.25,0,0,Energy,6.5,0,Black,0.25,0,0,0,0,ByBirth,280,204,0
1,17.5,22.0,0,1,Healthcare,0.06,1,Other,0.0,0,0,0,1,Temporary,450,100000,1
1,19.17,0.0,0,0,CommunicationServices,2.48,0,Asian,0.0,0,0,0,1,ByOtherMeans,500,1,1
1,36.75,0.125,0,0,Energy,8.73,0,White,1.5,0,0,0,1,ByBirth,232,113,1
1,21.25,1.5,1,1,Industrials,7.68,1,White,1.5,0,0,0,0,ByBirth,150,8,1
0,18.08,0.375,0,1,InformationTechnology,9.12,1,Latino,10.0,0,0,0,1,ByOtherMeans,300,0,1
0,33.67,0.375,1,1,InformationTechnology,4.06,1,White,0.375,0,0,0,0,ByBirth,300,44,1
1,48.58,0.205,0,0,Financials,6.46,0,White,0.25,1,1,11,0,ByBirth,380,2732,1
1,33.67,1.25,1,1,Industrials,8.0,1,White,1.165,0,0,0,0,ByBirth,120,0,0
0,29.5,1.085,0,0,Utilities,6.22,0,White,1.0,0,0,0,0,ByBirth,280,13,0
1,30.17,1.085,0,0,Energy,2.26,0,White,0.04,0,0,0,0,ByBirth,170,179,0
1,40.83,3.5,1,1,ConsumerDiscretionary,8.43,1,Asian,0.5,0,0,0,0,ByOtherMeans,1160,0,0
1,34.83,2.5,0,0,Industrials,4.88,0,White,3.0,0,0,0,0,ByOtherMeans,200,0,0
1,28.46,4.0,0,0,ConsumerDiscretionary,0.46,0,White,0.085,0,0,0,1,ByBirth,411,0,0
1,20.42,0.0,1,1,Energy,1.78,1,White,0.0,0,0,0,0,Temporary,0,0,0
0,33.25,2.5,0,0,Energy,2.75,0,White,2.5,0,0,0,1,ByBirth,0,2,0
1,34.08,2.5,1,1,Energy,4.1,1,White,1.0,0,0,0,0,ByBirth,460,16,0
0,25.25,12.5,1,1,Real Estate,3.89,1,White,1.0,0,0,0,1,ByBirth,180,1062,0
1,34.75,2.5,1,1,InformationTechnology,9.34,1,Asian,0.5,0,0,0,0,ByBirth,348,0,0
1,27.67,0.75,1,1,Materials,1.88,1,Black,0.165,0,0,0,1,ByBirth,220,251,0
1,47.33,6.5,1,1,Energy,2.51,1,White,1.0,0,0,0,1,ByBirth,0,228,0
0,34.83,1.25,0,0,ConsumerDiscretionary,6.58,0,Black,0.5,0,0,0,1,ByBirth,160,0,0
0,33.25,3.0,0,0,ConsumerStaples,2.66,0,White,2.0,0,0,0,0,ByBirth,180,0,0
1,28.0,3.0,1,1,Industrials,0.3,1,White,0.75,0,0,0,1,ByBirth,300,67,0
0,39.08,4.0,1,1,Energy,4.52,1,White,3.0,0,0,0,0,ByBirth,480,0,0
1,42.75,4.085,1,1,ConsumerStaples,1.02,1,White,0.04,0,0,0,0,ByBirth,108,100,0
1,26.92,2.25,1,1,ConsumerDiscretionary,4.66,1,Asian,0.5,0,0,0,1,ByBirth,640,4000,0
1,33.75,2.75,1,1,ConsumerDiscretionary,1.3,1,Asian,0.0,0,0,0,0,ByBirth,180,0,0
1,38.92,1.75,1,1,Financials,8.2,1,White,0.5,0,0,0,1,ByBirth,300,2,0
1,62.75,7.0,1,1,Education,1.82,1,Other,0.0,0,0,0,0,ByBirth,0,12,0
1,32.25,1.5,1,1,Energy,8.92,1,White,0.25,0,0,0,1,ByBirth,372,122,0
1,26.75,4.5,0,0,Energy,8.69,0,Asian,2.5,0,0,0,0,ByBirth,200,1210,0
1,63.33,0.54,1,1,Energy,1.7,1,White,0.585,1,1,3,1,ByBirth,180,0,0
1,27.83,1.5,1,1,Industrials,0.49,1,White,2.25,0,1,1,1,ByBirth,100,3,0
0,26.17,2.0,1,1,Research,3.93,1,Other,0.0,0,0,0,1,ByBirth,276,1,0
1,22.17,0.585,0,0,Healthcare,4.6,0,Latino,0.0,0,0,0,0,ByBirth,100,0,0
1,22.5,11.5,0,0,CommunicationServices,9.2,0,White,1.5,0,0,0,1,ByBirth,0,4000,0
1,30.75,1.585,1,1,Real Estate,1.01,1,White,0.585,0,0,0,1,ByOtherMeans,0,0,0
1,36.67,2.0,1,1,ConsumerDiscretionary,3.36,1,White,0.25,0,0,0,1,ByBirth,221,0,0
0,16.0,0.165,1,1,ConsumerStaples,9.24,1,White,1.0,0,1,2,1,ByBirth,320,1,0
1,41.17,1.335,1,1,Real Estate,0.52,1,White,0.165,0,0,0,0,ByBirth,168,0,0
0,19.5,0.165,1,1,Materials,0.59,1,White,0.04,0,0,0,1,ByBirth,380,0,0
1,32.42,3.0,1,1,Real Estate,7.64,1,White,0.165,0,0,0,1,ByBirth,120,0,0
0,36.75,4.71,1,1,Healthcare,3.45,1,Latino,0.0,0,0,0,0,ByBirth,160,0,0
0,30.25,5.5,1,1,Financials,6.67,1,White,5.5,0,0,0,1,ByOtherMeans,100,0,0
1,23.08,2.5,1,1,Healthcare,3.02,1,Latino,0.085,0,0,0,1,ByBirth,100,4208,0
1,26.83,0.54,1,1,Financials,2.21,1,Latino,0.0,0,0,0,0,ByBirth,100,0,0
1,16.92,0.335,0,0,Financials,3.18,0,White,0.29,0,0,0,0,ByOtherMeans,200,0,0
1,24.42,2.0,1,1,Education,7.68,1,Other,0.165,0,1,2,0,ByBirth,320,1300,0
1,42.83,1.25,1,1,CommunicationServices,2.68,1,White,13.875,0,1,1,1,ByBirth,352,112,0
0,22.75,6.165,1,1,ConsumerStaples,3.22,1,White,0.165,0,0,0,0,ByBirth,220,1000,0
1,39.42,1.71,0,0,CommunicationServices,9.96,0,White,0.165,0,0,0,0,ByOtherMeans,400,0,0
0,23.58,11.5,0,0,Financials,7.96,0,Black,3.0,0,0,0,1,ByBirth,20,16,0
1,21.42,0.75,0,0,Transport,9.27,0,Other,0.75,0,0,0,1,ByBirth,132,2,0
1,33.0,2.5,0,0,Industrials,8.69,0,White,7.0,0,0,0,1,ByBirth,280,0,0
1,26.33,13.0,1,1,Education,4.69,1,Other,0.0,0,0,0,1,ByBirth,140,1110,0
0,45.0,4.585,1,1,Financials,9.0,1,Black,1.0,0,0,0,1,ByOtherMeans,240,0,0
1,26.25,1.54,1,1,Industrials,7.77,1,White,0.125,0,0,0,0,ByBirth,100,0,0
1,28.17,0.585,1,1,ConsumerStaples,3.78,1,White,0.04,0,0,0,0,ByBirth,260,1004,0
0,20.83,0.5,0,0,Education,2.16,0,Other,1.0,0,0,0,0,ByBirth,260,0,0
1,28.67,14.5,1,1,Real Estate,1.74,1,White,0.125,0,0,0,0,ByBirth,0,286,0
1,20.67,0.835,0,0,Energy,0.42,0,White,2.0,0,0,0,1,ByOtherMeans,240,0,0
1,34.42,1.335,1,1,ConsumerDiscretionary,6.65,1,Asian,0.125,0,0,0,1,ByBirth,440,4500,0
1,33.58,0.25,1,1,ConsumerDiscretionary,0.23,1,Asian,4.0,0,0,0,1,ByOtherMeans,420,0,0
1,43.17,5.0,1,1,ConsumerDiscretionary,2.14,1,Asian,2.25,0,0,0,1,ByBirth,141,0,0
0,22.67,7.0,1,1,Energy,3.84,1,White,0.165,0,0,0,0,ByBirth,160,0,0
0,24.33,2.5,0,0,ConsumerDiscretionary,2.87,0,Asian,4.5,0,0,0,0,ByBirth,200,456,0
0,56.83,4.25,0,0,Healthcare,4.91,0,Latino,5.0,0,0,0,1,ByBirth,0,4,0
1,22.08,11.46,1,1,Financials,5.94,1,White,1.585,0,0,0,1,ByBirth,100,1212,0
1,34.0,5.5,0,0,Energy,4.82,0,White,1.5,0,0,0,1,ByBirth,60,0,0
1,22.58,1.5,0,0,ConsumerStaples,1.43,0,White,0.54,0,0,0,1,ByBirth,120,67,0
1,21.17,0.0,1,1,Energy,7.42,1,White,0.5,0,0,0,1,ByOtherMeans,0,0,0
1,26.67,14.585,1,1,ConsumerDiscretionary,2.63,1,Asian,0.0,0,0,0,1,ByBirth,178,0,0
1,22.92,0.17,1,1,CommunicationServices,1.16,1,White,0.085,0,0,0,0,ByOtherMeans,0,0,0
1,15.17,7.0,1,1,Education,2.47,1,White,1.0,0,0,0,0,ByBirth,600,0,0
1,39.92,5.0,1,1,ConsumerDiscretionary,8.62,1,Asian,0.21,0,0,0,0,ByBirth,550,0,0
1,27.42,12.5,1,1,ConsumerStaples,0.88,1,Asian,0.25,0,0,0,1,ByBirth,720,0,0
1,24.75,0.54,1,1,CommunicationServices,9.86,1,White,1.0,0,0,0,1,ByBirth,120,1,0
1,41.17,1.25,0,0,Industrials,8.27,0,White,0.25,0,0,0,0,ByBirth,0,195,0
0,33.08,1.625,1,1,Real Estate,9.94,1,White,0.54,0,0,0,1,ByBirth,0,0,0
1,29.83,2.04,0,0,Utilities,2.62,0,Black,0.04,0,0,0,0,ByBirth,128,1,0
0,23.58,0.585,0,0,Healthcare,6.15,0,Latino,0.125,0,0,0,0,ByBirth,120,87,0
1,26.17,12.5,0,0,Financials,6.93,0,Black,1.25,0,0,0,1,ByBirth,0,17,0
1,31.0,2.085,1,1,Energy,1.07,1,White,0.085,0,0,0,0,ByBirth,300,0,0
1,20.75,5.085,0,0,Research,9.68,0,White,0.29,0,0,0,0,ByBirth,140,184,0
1,28.92,0.375,1,1,Energy,6.76,1,White,0.29,0,0,0,0,ByBirth,220,140,0
0,51.92,6.5,1,1,ConsumerDiscretionary,0.59,1,Asian,3.085,0,0,0,1,ByBirth,73,0,0
0,22.67,0.335,1,1,Materials,0.65,1,White,0.75,0,0,0,0,ByOtherMeans,160,0,0
1,34.0,5.085,0,0,ConsumerDiscretionary,4.29,0,Asian,1.085,0,0,0,1,ByBirth,480,0,0
0,69.5,6.0,1,1,Healthcare,7.28,1,Latino,0.0,0,0,0,0,ByOtherMeans,0,0,0
0,40.33,8.125,0,0,Financials,5.73,0,White,0.165,0,1,2,0,ByBirth,0,18,0
0,19.58,0.665,0,0,Energy,2.28,0,White,1.0,0,1,1,0,ByBirth,2000,2,0
1,16.0,3.125,1,1,Industrials,5.36,1,White,0.085,0,1,1,0,ByBirth,0,6,0
1,17.08,0.25,1,1,Materials,8.3,1,White,0.335,0,1,4,0,ByBirth,160,8,0
1,31.25,2.835,1,1,Healthcare,3.41,1,Latino,0.0,0,1,5,0,ByBirth,176,146,0
1,25.17,3.0,1,1,Energy,0.26,1,White,1.25,0,1,1,0,ByBirth,0,22,0
0,22.67,0.79,1,1,ConsumerDiscretionary,9.8,1,White,0.085,0,0,0,0,ByBirth,144,0,0
1,40.58,1.5,1,1,ConsumerDiscretionary,8.86,1,Asian,0.0,0,0,0,0,ByOtherMeans,300,0,0
1,22.25,0.46,1,1,Financials,9.68,1,White,0.125,0,0,0,1,ByBirth,280,55,0
0,22.25,1.25,0,0,Healthcare,3.02,0,Latino,3.25,0,0,0,0,ByBirth,280,0,0
1,22.5,0.125,0,0,Financials,3.87,0,White,0.125,0,0,0,0,ByBirth,200,70,0
1,23.58,1.79,1,1,Energy,1.48,1,White,0.54,0,0,0,1,ByBirth,136,1,0
1,38.42,0.705,1,1,Energy,9.68,1,White,0.375,0,1,2,0,ByBirth,225,500,0
0,26.58,2.54,0,0,Healthcare,0.79,0,Latino,0.0,0,0,0,1,ByBirth,180,60,0
1,35.0,2.5,1,1,ConsumerDiscretionary,2.94,1,White,1.0,0,0,0,1,ByBirth,210,0,0
1,20.42,1.085,1,1,Materials,2.71,1,White,1.5,0,0,0,0,ByBirth,108,7,0
1,29.42,1.25,1,1,Industrials,0.96,1,White,1.75,0,0,0,0,ByBirth,200,0,0
1,26.17,0.835,1,1,InformationTechnology,7.79,1,White,1.165,0,0,0,0,ByBirth,100,0,0
1,33.67,2.165,1,1,Energy,6.24,1,White,1.5,0,0,0,0,Temporary,120,0,0
1,24.58,1.25,1,1,Energy,5.16,1,White,0.25,0,0,0,0,ByBirth,110,0,0
0,27.67,2.04,1,1,Industrials,7.31,1,White,0.25,0,0,0,1,ByBirth,180,50,0
1,37.5,0.835,1,1,Education,0.32,1,White,0.04,0,0,0,0,ByBirth,120,5,0
1,49.17,2.29,1,1,Healthcare,3.46,1,Latino,0.29,0,0,0,0,ByBirth,200,3,0
1,33.58,0.335,0,0,InformationTechnology,5.24,0,White,0.085,0,0,0,0,ByBirth,180,0,0
1,51.83,3.0,0,0,Healthcare,5.14,0,Latino,1.5,0,0,0,0,ByBirth,180,4,0
1,22.92,3.165,0,0,Energy,0.71,0,White,0.165,0,0,0,0,ByBirth,160,1058,0
1,21.83,1.54,1,1,Financials,8.36,1,White,0.085,0,0,0,1,ByBirth,356,0,0
1,25.25,1.0,1,1,ConsumerStaples,9.17,1,White,0.5,0,0,0,0,ByBirth,200,0,0
1,58.58,2.71,1,1,Energy,2.48,1,White,2.415,0,0,0,1,ByBirth,320,0,0
1,19.0,0.0,0,0,Healthcare,6.09,0,Latino,0.0,0,1,4,0,ByBirth,45,1,0
1,19.58,0.585,1,1,Healthcare,1.29,1,Latino,0.0,0,1,3,0,ByBirth,350,769,0
0,53.33,0.165,1,1,Healthcare,2.82,1,Latino,0.0,0,0,0,1,ByOtherMeans,62,27,0
0,27.17,1.25,1,1,Healthcare,2.73,1,Latino,0.0,0,1,1,0,ByBirth,92,300,0
1,25.92,0.875,1,1,Financials,5.0,1,White,0.375,0,1,2,1,ByBirth,174,3,0
1,23.08,0.0,1,1,Financials,0.63,1,White,1.0,0,1,11,0,ByOtherMeans,0,0,0
1,39.58,5.0,1,1,Healthcare,3.01,1,Latino,0.0,0,1,2,0,ByBirth,17,1,0
1,30.58,2.71,0,0,CommunicationServices,4.95,0,White,0.125,0,0,0,1,ByOtherMeans,80,0,0
1,17.25,3.0,1,1,Financials,0.39,1,White,0.04,0,0,0,1,ByBirth,160,40,0
0,17.67,0.0,0,0,Research,3.16,0,Latino,0.0,0,0,0,0,ByBirth,86,0,0
0,28.46,11.25,1,1,Healthcare,9.01,1,Latino,0.0,0,0,0,0,ByBirth,0,5200,0
1,16.5,0.125,1,1,Energy,9.86,1,White,0.165,0,0,0,0,ByBirth,132,0,0
0,27.33,1.665,1,1,Healthcare,4.65,1,Latino,0.0,0,0,0,0,ByBirth,340,1,0
1,31.25,1.125,1,1,Healthcare,0.65,1,Latino,0.0,0,1,1,0,ByBirth,96,19,0
1,20.0,7.0,1,1,Energy,1.12,1,White,0.5,0,0,0,0,ByBirth,0,0,0
1,28.46,3.0,0,0,ConsumerDiscretionary,3.88,0,Asian,7.0,0,0,0,0,ByBirth,0,1,0
1,39.5,1.625,1,1,Energy,0.42,1,White,1.5,0,0,0,0,ByBirth,0,316,0
1,36.5,4.25,1,1,Materials,6.04,1,White,3.5,0,0,0,0,ByBirth,454,50,0
1,29.75,0.665,1,1,Industrials,5.35,1,White,0.25,0,0,0,1,ByBirth,300,0,0
1,52.42,1.5,1,1,Real Estate,2.42,1,White,3.75,0,0,0,1,ByBirth,0,350,0
1,36.17,18.125,1,1,Industrials,2.75,1,White,0.085,0,0,0,0,ByBirth,320,3552,0
1,34.58,0.0,1,1,Energy,2.9,1,White,0.0,0,0,0,0,Temporary,0,0,0
1,29.67,0.75,0,0,Energy,2.65,0,White,0.04,0,0,0,0,ByBirth,240,0,0
1,36.17,5.5,1,1,ConsumerDiscretionary,9.67,1,Asian,5.0,0,0,0,0,ByBirth,210,687,0
1,25.67,0.29,0,0,Energy,8.36,0,White,1.5,0,0,0,1,ByBirth,160,0,0
0,24.5,2.415,0,0,Energy,2.72,0,White,0.0,0,0,0,0,ByBirth,120,0,0
1,24.08,0.875,1,1,CommunicationServices,5.58,1,White,0.085,0,1,4,0,ByBirth,254,1950,0
1,21.92,0.5,1,1,Energy,7.68,1,White,0.125,0,0,0,0,ByBirth,360,0,0
0,36.58,0.29,1,1,Healthcare,6.15,1,Latino,0.0,0,1,10,0,ByBirth,200,18,0
0,23.0,1.835,1,1,Research,2.85,1,Other,0.0,0,1,1,0,ByBirth,200,53,0
0,27.58,3.0,1,1,CommunicationServices,5.37,1,White,2.79,0,1,1,1,ByBirth,280,10,0
1,31.08,3.085,1,1,Energy,8.37,1,White,2.5,0,1,2,1,ByBirth,160,41,0
0,30.42,1.375,1,1,Industrials,0.73,1,Black,0.04,0,1,3,0,ByBirth,0,33,0
1,22.08,2.335,1,1,Financials,8.57,1,White,0.75,0,0,0,0,ByBirth,180,0,0
1,16.33,4.085,1,1,ConsumerDiscretionary,0.95,1,Black,0.415,0,0,0,1,ByBirth,120,0,0
0,21.92,11.665,1,1,Financials,9.5,1,Black,0.085,0,0,0,0,ByBirth,320,5,0
1,21.08,4.125,0,0,ConsumerDiscretionary,2.31,0,Black,0.04,0,0,0,0,ByBirth,140,100,0
1,17.42,6.5,1,1,ConsumerDiscretionary,1.86,1,White,0.125,0,0,0,0,ByBirth,60,100,0
1,19.17,4.0,0,0,ConsumerDiscretionary,5.35,0,White,1.0,0,0,0,1,ByBirth,360,1000,0
1,20.67,0.415,1,1,Energy,2.05,1,White,0.125,0,0,0,0,ByBirth,0,44,0
1,26.75,2.0,1,1,Real Estate,9.5,1,White,0.75,0,0,0,1,ByBirth,80,0,0
1,23.58,0.835,1,1,ConsumerDiscretionary,7.61,1,Black,0.085,0,0,0,1,ByBirth,220,5,0
1,39.17,2.5,0,0,ConsumerDiscretionary,6.62,0,Black,10.0,0,0,0,1,ByOtherMeans,200,0,0
1,22.75,11.5,1,1,ConsumerDiscretionary,3.06,1,White,0.415,0,0,0,0,ByBirth,0,0,0
1,26.5,2.71,0,0,Energy,9.75,0,White,0.085,0,0,0,0,ByOtherMeans,80,0,0
0,16.92,0.5,1,1,ConsumerDiscretionary,5.45,1,White,0.165,0,1,6,1,ByBirth,240,35,0
1,23.5,3.165,0,0,Financials,4.32,0,White,0.415,0,1,1,1,ByBirth,280,80,0
0,17.33,9.5,1,1,ConsumerStaples,5.47,1,White,1.75,0,1,10,1,ByBirth,0,10,0
1,23.75,0.415,0,0,Energy,6.77,0,White,0.04,0,1,2,0,ByBirth,128,6,0
1,34.67,1.08,1,1,CommunicationServices,9.44,1,White,1.165,0,0,0,0,ByOtherMeans,28,0,0
1,74.83,19.0,0,0,Healthcare,4.0,0,Latino,0.04,0,1,2,0,ByBirth,0,351,0
1,28.17,0.125,0,0,Financials,4.03,0,White,0.085,0,0,0,0,ByBirth,216,2100,0
1,24.5,13.335,0,0,ConsumerStaples,6.84,0,White,0.04,0,0,0,1,ByBirth,120,475,0
1,18.83,3.54,0,0,Healthcare,9.48,0,Latino,0.0,0,0,0,1,ByBirth,180,1,0
1,45.33,1.0,1,1,Materials,0.85,1,White,0.125,0,0,0,1,ByBirth,263,0,0
0,47.25,0.75,1,1,Materials,0.37,1,Black,2.75,1,1,1,0,ByBirth,333,892,1
1,24.17,0.875,1,1,Materials,3.03,1,White,4.625,1,1,2,1,ByBirth,520,2000,1
1,39.25,9.5,1,1,CommunicationServices,1.82,1,White,6.5,1,1,14,0,ByBirth,240,4607,1
0,20.5,11.835,1,1,Energy,0.95,1,Black,6.0,1,0,0,0,ByBirth,340,0,1
0,18.83,4.415,0,0,Energy,3.6,0,Black,3.0,1,0,0,0,ByBirth,240,0,1
1,19.17,9.5,1,1,Industrials,5.55,1,White,1.5,1,0,0,0,ByBirth,120,2206,1
0,25.0,0.875,1,1,Utilities,2.19,1,Black,1.04,1,0,0,1,ByBirth,160,5860,1
1,20.17,9.25,1,1,Energy,2.27,1,White,1.665,1,1,3,1,ByBirth,40,28,1
1,25.75,0.5,1,1,Energy,3.52,1,White,1.46,1,1,5,1,ByBirth,312,0,1
1,20.42,7.0,1,1,Energy,9.78,1,White,1.625,1,1,3,0,ByBirth,200,1391,1
1,28.46,4.0,1,1,Utilities,2.59,1,White,5.0,1,1,3,1,ByBirth,290,2279,1
1,39.0,5.0,1,1,InformationTechnology,6.19,1,White,3.5,1,1,10,1,ByBirth,0,0,1
0,64.08,0.165,1,1,Healthcare,0.28,1,Latino,0.0,1,1,1,0,ByBirth,232,100,1
1,28.25,5.125,1,1,Utilities,0.45,1,White,4.75,1,1,2,0,ByBirth,420,7,1
0,28.75,3.75,1,1,Energy,1.79,1,White,1.085,1,1,1,1,ByBirth,371,0,1
1,31.33,19.5,1,1,Energy,2.2,1,White,7.0,1,1,16,0,ByBirth,0,5000,1
0,18.92,9.0,1,1,ConsumerStaples,4.05,1,White,0.75,1,1,2,0,ByBirth,88,591,1
0,24.75,3.0,1,1,Materials,8.83,1,Black,1.835,1,1,19,0,ByBirth,0,500,1
0,30.67,12.0,1,1,Energy,5.11,1,White,2.0,1,1,1,0,ByBirth,220,19,1
1,21.0,4.79,0,0,Industrials,6.65,0,White,2.25,1,1,1,1,ByBirth,80,300,1
1,13.75,4.0,0,0,Industrials,0.47,0,White,1.75,1,1,2,1,ByBirth,120,1000,1
0,46.0,4.0,1,1,Research,7.47,1,Other,0.0,1,0,0,0,ByBirth,100,960,1
0,44.33,0.0,1,1,Energy,2.51,1,White,2.5,1,0,0,0,ByBirth,0,0,1
1,20.25,9.96,1,1,Education,3.44,1,Other,0.0,1,0,0,0,ByBirth,0,0,1
1,22.67,2.54,0,0,Energy,7.51,0,Black,2.585,1,0,0,0,ByBirth,0,0,1
1,28.46,10.5,1,1,Utilities,9.45,1,White,6.5,1,0,0,0,ByBirth,0,0,1
0,60.92,5.0,1,1,ConsumerStaples,6.51,1,White,4.0,1,1,4,0,ByBirth,0,99,1
1,16.08,0.75,1,1,Energy,6.06,1,White,1.75,1,1,5,1,ByBirth,352,690,1
0,28.17,0.375,1,1,Materials,6.59,1,White,0.585,1,1,4,0,ByBirth,80,0,1
1,39.17,1.71,1,1,Utilities,3.47,1,White,0.125,1,1,5,1,ByBirth,480,0,1
1,20.42,7.5,1,1,Financials,5.01,1,White,1.5,1,1,1,0,ByBirth,160,234,1
0,30.0,5.29,1,1,Education,5.84,1,Other,2.25,1,1,5,1,ByBirth,99,500,1
1,22.83,3.0,1,1,CommunicationServices,3.63,1,White,1.29,1,1,1,0,ByBirth,260,800,1
0,22.5,8.5,1,1,Materials,7.89,1,White,1.75,1,1,10,0,ByBirth,80,990,0
0,28.58,1.665,1,1,Materials,2.29,1,White,2.415,1,0,0,1,ByBirth,440,0,0
1,45.17,1.5,1,1,Energy,8.49,1,White,2.5,1,0,0,1,ByBirth,140,0,0
1,41.58,1.75,1,1,Financials,6.87,1,White,0.21,1,0,0,0,ByBirth,160,0,0
0,57.08,0.335,1,1,ConsumerDiscretionary,1.12,1,Asian,1.0,1,0,0,1,ByBirth,252,2197,0
0,55.75,7.08,1,1,Financials,0.79,1,Black,6.75,1,1,3,1,ByBirth,100,50,0
1,43.25,25.21,1,1,Materials,0.06,1,Black,0.21,1,1,1,0,ByBirth,760,90,0
0,25.33,2.085,1,1,Energy,9.91,1,Black,2.75,1,0,0,1,ByBirth,360,1,0
0,24.58,0.67,1,1,ConsumerStaples,8.6,1,Black,1.75,1,0,0,0,ByBirth,400,0,0
1,43.17,2.25,1,1,ConsumerDiscretionary,3.74,1,Asian,0.75,1,0,0,0,ByBirth,560,0,0
1,40.92,0.835,1,1,Healthcare,0.07,1,Latino,0.0,1,0,0,0,ByBirth,130,1,0
1,31.83,2.5,1,1,ConsumerStaples,9.94,1,White,7.5,1,0,0,1,ByBirth,523,0,0
0,33.92,1.585,0,0,Healthcare,2.23,0,Latino,0.0,1,0,0,0,ByBirth,320,0,0
0,24.92,1.25,1,1,Healthcare,0.6,1,Latino,0.0,1,0,0,0,ByBirth,80,0,0
1,35.25,3.165,1,1,Utilities,7.19,1,Black,3.75,1,0,0,1,ByBirth,680,0,0
1,34.25,1.75,1,1,Industrials,3.25,1,Asian,0.25,1,0,0,1,ByBirth,163,0,0
1,80.25,5.5,1,1,Energy,0.88,1,White,0.54,1,0,0,0,ByBirth,0,340,0
1,19.42,1.5,0,0,InformationTechnology,4.76,0,White,2.0,1,0,0,1,ByBirth,100,20,0
1,42.75,3.0,1,1,ConsumerDiscretionary,3.84,1,Asian,1.0,1,0,0,0,ByBirth,0,200,0
1,19.67,10.0,0,0,Financials,2.73,0,Black,0.835,1,0,0,1,ByBirth,140,0,0
1,36.33,3.79,1,1,Industrials,6.74,1,White,1.165,1,0,0,1,ByBirth,200,0,0
1,30.08,1.04,0,0,ConsumerDiscretionary,6.58,0,Asian,0.5,1,1,10,1,ByBirth,132,28,0
1,44.25,11.0,0,0,Real Estate,9.2,0,White,1.5,1,0,0,0,ByOtherMeans,0,0,0
1,23.58,0.46,0,0,Industrials,5.3,0,White,2.625,1,1,6,1,ByBirth,208,347,0
1,23.92,1.5,1,1,Real Estate,6.33,1,Black,1.875,1,1,6,0,ByBirth,200,327,1
1,33.17,1.0,1,1,Utilities,4.85,1,White,0.75,1,1,7,1,ByBirth,340,4071,1
1,48.33,12.0,1,1,CommunicationServices,1.63,1,White,16.0,1,0,0,0,ByOtherMeans,110,0,1
1,76.75,22.29,1,1,Education,8.53,1,Other,12.75,1,1,1,1,ByBirth,0,109,1
1,51.33,10.0,1,1,ConsumerDiscretionary,9.42,1,Asian,0.0,1,1,11,0,ByBirth,0,1249,1
1,34.75,15.0,1,1,Transport,9.26,1,Other,5.375,1,1,9,1,ByBirth,0,134,1
1,38.58,3.335,1,1,Industrials,2.17,1,White,4.0,1,1,14,0,ByBirth,383,1344,1
0,22.42,11.25,0,0,Utilities,0.86,0,Black,0.75,1,1,4,0,ByBirth,0,321,1
1,41.92,0.42,1,1,Energy,2.21,1,Black,0.21,1,1,6,0,ByBirth,220,948,1
1,29.58,4.5,1,1,Industrials,5.49,1,White,7.5,1,1,2,1,ByBirth,330,0,1
0,32.17,1.46,1,1,Industrials,6.29,1,White,1.085,1,1,16,0,ByBirth,120,2079,1
1,51.42,0.04,1,1,Utilities,0.07,1,Black,0.04,1,0,0,0,ByBirth,0,3000,1
0,22.83,2.29,1,1,Materials,0.43,1,Black,2.29,1,1,7,1,ByBirth,140,2384,1
0,25.0,12.33,1,1,InformationTechnology,9.47,1,Black,3.5,1,1,6,0,ByBirth,400,458,1
1,26.75,1.125,1,1,Utilities,1.79,1,Black,1.25,1,0,0,0,ByBirth,0,5298,1
1,23.33,1.5,1,1,Energy,9.72,1,Black,1.415,1,0,0,0,ByBirth,422,200,1
1,24.42,12.335,1,1,Materials,5.28,1,Black,1.585,1,0,0,1,ByBirth,120,0,1
1,42.17,5.04,1,1,Materials,1.09,1,Black,12.75,1,0,0,1,ByBirth,92,0,1
0,20.83,3.0,1,1,ConsumerStaples,5.85,1,White,0.04,1,0,0,0,ByBirth,100,0,1
1,23.08,11.5,1,1,Industrials,1.36,1,Black,2.125,1,1,11,1,ByBirth,290,284,1
0,25.17,2.875,1,1,Utilities,9.7,1,Black,0.875,1,0,0,0,ByBirth,360,0,1
1,43.08,0.375,0,0,Energy,2.09,0,White,0.375,1,1,8,1,ByBirth,300,162,1
0,35.75,0.915,1,1,ConsumerStaples,5.33,1,White,0.75,1,1,4,0,ByBirth,0,1583,1
1,59.5,2.75,1,1,Industrials,9.3,1,White,1.75,1,1,5,1,ByBirth,60,58,1
1,21.0,3.0,0,0,Real Estate,6.76,0,White,1.085,1,1,8,1,ByBirth,160,1,1
1,21.92,0.54,0,0,Utilities,6.29,0,White,0.04,1,1,1,1,ByBirth,840,59,1
0,65.17,14.0,1,1,Healthcare,1.31,1,Latino,0.0,1,1,11,1,ByBirth,0,1400,1
0,20.33,10.0,1,1,Energy,0.58,1,Black,1.0,1,1,4,0,ByBirth,50,1465,1
1,32.25,0.165,0,0,Energy,1.53,0,Black,3.25,1,1,1,1,ByBirth,432,8000,1
1,30.17,0.5,1,1,Energy,0.35,1,White,1.75,1,1,11,0,ByBirth,32,540,1
1,25.17,6.0,1,1,Energy,1.9,1,White,1.0,1,1,3,0,ByBirth,0,0,1
1,39.17,1.625,1,1,Energy,9.7,1,White,1.5,1,1,10,0,ByBirth,186,4700,1
1,39.08,6.0,1,1,CommunicationServices,7.59,1,White,1.29,1,1,5,1,ByBirth,108,1097,1
1,31.67,0.83,1,1,Utilities,7.49,1,White,1.335,1,1,8,1,ByBirth,303,3290,1
1,41.0,0.04,1,1,Education,1.83,1,White,0.04,0,1,1,0,ByOtherMeans,560,0,1
1,48.5,4.25,1,1,CommunicationServices,6.84,1,White,0.125,1,0,0,1,ByBirth,225,0,1
1,32.67,9.0,0,0,Industrials,0.09,0,Black,5.25,1,0,0,1,ByBirth,154,0,1
0,28.08,15.0,0,0,Education,6.97,0,Other,0.0,1,0,0,0,ByBirth,0,13212,1
1,73.42,17.75,1,1,Healthcare,2.39,1,Latino,0.0,1,0,0,1,ByBirth,0,0,1
1,64.08,20.0,1,1,Utilities,6.7,1,Black,17.5,1,1,9,1,ByBirth,0,1000,1
1,51.58,15.0,1,1,Energy,2.15,1,White,8.5,1,1,9,0,ByBirth,0,0,1
1,26.67,1.75,0,0,Energy,9.6,0,White,1.0,1,1,5,1,ByBirth,160,5777,1
1,25.33,0.58,1,1,Energy,4.91,1,White,0.29,1,1,7,1,ByBirth,96,5124,1
1,30.17,6.5,1,1,InformationTechnology,7.64,1,White,3.125,1,1,8,0,ByBirth,330,1200,1
1,27.0,0.75,1,1,Energy,5.89,1,Black,4.25,1,1,3,1,ByBirth,312,150,1
1,23.17,0.0,1,1,Energy,6.74,1,White,0.0,0,0,0,0,Temporary,0,0,1
1,34.17,5.25,1,1,Industrials,5.05,1,White,0.085,0,0,0,1,ByBirth,290,6,1
1,38.67,0.21,1,1,Financials,6.37,1,White,0.085,1,0,0,1,ByBirth,280,0,1
1,25.75,0.75,1,1,Energy,0.98,1,Asian,0.25,1,0,0,0,ByBirth,349,23,1
0,46.08,3.0,1,1,Energy,0.84,1,White,2.375,1,1,8,1,ByBirth,396,4159,1
0,21.5,6.0,1,1,ConsumerStaples,6.68,1,White,2.5,1,1,3,0,ByBirth,80,918,1
1,20.08,0.125,1,1,Materials,6.87,1,White,1.0,0,1,1,0,ByBirth,240,768,1
1,20.5,2.415,1,1,Energy,6.58,1,White,2.0,1,1,11,1,ByBirth,200,3000,1
0,29.5,0.46,1,1,Financials,8.47,1,White,0.54,1,1,4,0,ByBirth,380,500,1
1,42.25,1.75,0,0,Energy,5.48,0,White,0.0,0,0,0,1,ByBirth,150,1,0
1,29.83,1.25,0,0,Financials,1.55,0,White,0.25,0,0,0,0,ByBirth,224,0,0
1,20.08,0.25,1,1,Materials,4.87,1,White,0.125,0,0,0,0,ByBirth,200,0,0
1,23.42,0.585,1,1,Energy,9.4,1,Black,0.085,1,0,0,0,ByBirth,180,0,0
0,29.58,1.75,0,0,Financials,6.81,0,White,1.25,0,0,0,1,ByBirth,280,0,0
1,16.17,0.04,1,1,Energy,5.4,1,White,0.04,0,0,0,0,ByBirth,0,0,1
1,32.33,3.5,1,1,Financials,2.28,1,White,0.5,0,0,0,1,ByBirth,232,0,0
1,28.46,0.04,0,0,Real Estate,9.9,0,White,4.25,0,0,0,1,ByBirth,460,0,0
1,47.83,4.165,1,1,Utilities,1.33,1,Asian,0.085,0,0,0,1,ByBirth,520,0,0
1,20.0,1.25,0,0,Financials,1.09,0,White,0.125,0,0,0,0,ByBirth,140,4,0
1,27.58,3.25,0,0,Materials,5.82,0,Black,5.085,0,1,2,1,ByBirth,369,1,0
1,22.0,0.79,1,1,Industrials,4.93,1,White,0.29,0,1,1,0,ByBirth,420,283,0
1,19.33,10.915,1,1,Energy,1.62,1,Asian,0.585,0,1,2,1,ByBirth,200,7,0
0,38.33,4.415,1,1,Energy,9.7,1,White,0.125,0,0,0,0,ByBirth,160,0,0
1,29.42,1.25,1,1,Energy,4.78,1,Black,0.25,0,1,2,1,ByBirth,400,108,0
1,22.67,0.75,1,1,ConsumerDiscretionary,2.27,1,White,1.585,0,1,1,1,ByBirth,400,9,0
1,32.25,14.0,0,0,Healthcare,6.29,0,Latino,0.0,0,1,2,0,ByBirth,160,1,0
1,29.58,4.75,1,1,CommunicationServices,3.0,1,White,2.0,0,1,1,1,ByBirth,460,68,0
1,18.42,10.415,0,0,ConsumerStaples,1.2,0,White,0.125,1,0,0,0,ByBirth,120,375,0
1,22.17,2.25,1,1,ConsumerDiscretionary,8.9,1,White,0.125,0,0,0,0,ByBirth,160,10,0
1,22.67,0.165,1,1,Energy,8.74,1,Other,2.25,0,0,0,1,ByOtherMeans,0,0,1
0,25.58,0.0,1,1,Energy,3.45,1,White,0.0,0,0,0,0,Temporary,0,0,1
1,18.83,0.0,1,1,Materials,5.84,1,White,0.665,0,0,0,0,ByBirth,160,1,0
1,21.58,0.79,0,0,InformationTechnology,3.29,0,White,0.665,0,0,0,0,ByBirth,160,0,0
1,23.75,12.0,1,1,Energy,1.87,1,White,2.085,0,0,0,0,ByOtherMeans,80,0,0
1,22.0,7.835,0,0,ConsumerDiscretionary,6.99,0,Asian,0.165,0,0,0,1,ByBirth,0,0,0
1,36.08,2.54,1,1,Healthcare,4.02,1,Latino,0.0,0,0,0,0,ByBirth,0,1000,0
1,29.25,13.0,1,1,Real Estate,7.18,1,Black,0.5,0,0,0,0,ByBirth,228,0,0
0,19.58,0.665,1,1,Industrials,6.74,1,White,1.665,0,0,0,0,ByBirth,220,5,0
0,22.92,1.25,1,1,Materials,2.66,1,White,0.25,0,0,0,1,ByBirth,120,809,0
0,27.25,0.29,1,1,CommunicationServices,7.18,1,Black,0.125,0,1,1,1,ByBirth,272,108,0
0,38.75,1.5,1,1,Healthcare,1.22,1,Latino,0.0,0,0,0,0,ByBirth,76,0,0
1,32.42,2.165,0,0,Financials,3.72,0,Latino,0.0,0,0,0,0,ByBirth,120,0,0
0,23.75,0.71,1,1,Industrials,3.64,1,White,0.25,0,1,1,1,ByBirth,240,4,0
1,18.17,2.46,1,1,Energy,2.32,1,Other,0.96,0,1,2,1,ByBirth,160,587,0
1,40.92,0.5,0,0,CommunicationServices,3.5,0,White,0.5,0,0,0,1,ByBirth,130,0,0
1,19.5,9.585,1,1,ConsumerStaples,8.04,1,White,0.79,0,0,0,0,ByBirth,80,350,0
1,28.58,3.625,1,1,ConsumerStaples,3.57,1,White,0.25,0,0,0,1,ByBirth,100,0,0
1,35.58,0.75,1,1,Financials,3.4,1,White,1.5,0,0,0,1,ByBirth,231,0,0
1,34.17,2.75,1,1,ConsumerDiscretionary,4.54,1,Asian,2.5,0,0,0,1,ByBirth,232,200,0
1,33.17,2.25,0,0,InformationTechnology,1.48,0,White,3.5,0,0,0,1,ByBirth,200,141,0
1,31.58,0.75,0,0,ConsumerStaples,9.48,0,White,3.5,0,0,0,1,ByBirth,320,0,0
0,52.5,7.0,1,1,ConsumerStaples,1.83,1,Black,3.0,0,0,0,0,ByBirth,0,0,0
1,36.17,0.42,0,0,Industrials,5.66,0,White,0.29,0,0,0,1,ByBirth,309,2,0
1,37.33,2.665,1,1,InformationTechnology,6.14,1,White,0.165,0,0,0,1,ByBirth,0,501,0
0,20.83,8.5,1,1,Energy,1.95,1,White,0.165,0,0,0,0,ByBirth,0,351,0
1,24.08,9.0,1,1,ConsumerStaples,3.72,1,White,0.25,0,0,0,1,ByBirth,0,0,0
1,25.58,0.335,1,1,Financials,1.88,1,Black,3.5,0,0,0,1,ByBirth,340,0,0
0,35.17,3.75,1,1,Healthcare,9.9,1,Latino,0.0,0,1,6,0,ByBirth,0,200,0
1,48.08,3.75,1,1,ConsumerDiscretionary,5.86,1,Asian,1.0,0,0,0,0,ByBirth,100,2,0
0,15.83,7.625,1,1,Materials,2.85,1,White,0.125,0,1,1,1,ByBirth,0,160,0
0,22.5,0.415,1,1,ConsumerDiscretionary,2.95,1,White,0.335,0,0,0,1,ByOtherMeans,144,0,0
1,21.5,11.5,1,1,ConsumerDiscretionary,2.1,1,White,0.5,1,0,0,1,ByBirth,100,68,0
0,23.58,0.83,1,1,Materials,0.97,1,White,0.415,0,1,1,1,ByBirth,200,11,0
0,21.08,5.0,0,0,Healthcare,7.07,0,Latino,0.0,0,0,0,0,ByBirth,0,0,0
1,25.67,3.25,1,1,Energy,4.92,1,Black,2.29,0,1,1,1,ByBirth,416,21,0
0,38.92,1.665,1,1,ConsumerStaples,5.9,1,White,0.25,0,0,0,0,ByBirth,0,390,0
0,15.75,0.375,1,1,Energy,1.98,1,White,1.0,0,0,0,0,ByBirth,120,18,0
0,28.58,3.75,1,1,Energy,9.3,1,White,0.25,0,1,1,1,ByBirth,40,154,0
1,22.25,9.0,1,1,ConsumerStaples,2.08,1,White,0.085,0,0,0,0,ByBirth,0,0,0
1,29.83,3.5,1,1,Energy,2.49,1,White,0.165,0,0,0,0,ByBirth,216,0,0
0,23.5,1.5,1,1,Industrials,6.08,1,White,0.875,0,0,0,1,ByBirth,160,0,0
1,32.08,4.0,0,0,InformationTechnology,8.47,0,White,1.5,0,0,0,1,ByBirth,120,0,0
1,31.08,1.5,0,0,Industrials,7.59,0,White,0.04,0,0,0,0,ByOtherMeans,160,0,0
1,31.83,0.04,0,0,CommunicationServices,6.18,0,White,0.04,0,0,0,0,ByBirth,0,0,0
0,21.75,11.75,1,1,Energy,1.66,1,White,0.25,0,0,0,1,ByBirth,180,0,0
0,17.92,0.54,1,1,Energy,3.13,1,White,1.75,0,1,1,1,ByBirth,80,5,0
1,30.33,0.5,1,1,Real Estate,5.07,1,Black,0.085,0,0,0,1,ByOtherMeans,252,0,0
1,51.83,2.04,0,0,Healthcare,0.69,0,Latino,1.5,0,0,0,0,ByBirth,120,1,0
1,47.17,5.835,1,1,Industrials,6.77,1,White,5.5,0,0,0,0,ByBirth,465,150,0
1,25.83,12.835,1,1,InformationTechnology,8.7,1,White,0.5,0,0,0,0,ByBirth,0,2,0
0,50.25,0.835,1,1,ConsumerStaples,3.73,1,White,0.5,0,0,0,1,ByBirth,240,117,0
1,29.5,2.0,0,0,Education,6.17,0,Black,2.0,0,0,0,0,ByBirth,256,17,0
0,37.33,2.5,1,1,ConsumerDiscretionary,3.46,1,Black,0.21,0,0,0,0,ByBirth,260,246,0
0,41.58,1.04,1,1,ConsumerStaples,8.09,1,White,0.665,0,0,0,0,ByBirth,240,237,0
0,30.58,10.665,1,1,Materials,1.62,1,Black,0.085,0,1,12,1,ByBirth,129,3,0
1,19.42,7.25,1,1,CommunicationServices,8.96,1,White,0.04,0,1,1,0,ByBirth,100,1,0
0,17.92,10.21,1,1,Healthcare,7.23,1,Latino,0.0,0,0,0,0,ByBirth,0,50,0
0,20.08,1.25,1,1,Energy,6.22,1,White,0.0,0,0,0,0,ByBirth,0,0,0
1,19.5,0.29,1,1,Financials,9.72,1,White,0.29,0,0,0,0,ByBirth,280,364,0
1,27.83,1.0,0,0,Real Estate,4.84,0,Black,3.0,0,0,0,0,ByBirth,176,537,0
1,17.08,3.29,1,1,ConsumerDiscretionary,7.43,1,White,0.335,0,0,0,1,ByBirth,140,2,0
1,36.42,0.75,0,0,Real Estate,4.68,0,White,0.585,0,0,0,0,ByBirth,240,3,0
1,40.58,3.29,1,1,CommunicationServices,0.74,1,White,3.5,0,0,0,1,ByOtherMeans,400,0,0
1,21.08,10.085,0,0,Education,7.3,0,Black,1.25,0,0,0,0,ByBirth,260,0,0
0,22.67,0.75,1,1,Energy,1.79,1,White,2.0,0,1,2,1,ByBirth,200,394,0
0,25.25,13.5,0,0,Healthcare,7.64,0,Latino,2.0,0,1,1,1,ByBirth,200,1,0
1,17.92,0.205,1,1,ConsumerStaples,4.92,1,White,0.04,0,0,0,0,ByBirth,280,750,0
1,35.0,3.375,1,1,Energy,4.13,1,Black,8.29,0,0,0,1,ByBirth,0,0,0
